Producto,Precio,CantidadVendidas,Valoracion,Envio,Precio Anterior
"Alfombrilla de ratón con reposamuñecas, barata, Kawaii, para Gaming, teclado, Protector de escritorio, accesorios para Pc ",3.97,204 vendido(s),4.5,"+ envío: PEN 3,89",Sin dato
"Ricks-alfombrilla de ratón para Gaming, accesorios para Pc, tapete de teclado, Deskmat, Anime, tapetes Kawaii para portátiles, almohadillas de goma de dibujos animados ",7.66,105 vendido(s),4.6,"+ envío: PEN 1,68",Sin dato
"ASUS-alfombrilla de ratón ROG para ordenador, accesorio grande para Gaming, Alfombra de escritorio, teclado, decoración de goma, CS GO ",0.04,146 vendido(s),4.4,Envío gratis,PEN16.04
"Alfombrilla de ratón Kawaii Stitch para Gaming, Accesorios para ordenador, Notebook, teclados, cubierta de mesa, alfombrilla de escritorio ",17.68,375 vendido(s),4.9,"+ envío: PEN 19,72",Sin dato
"Alfombrilla de ratón XXL para ordenador, alfombra suave de escritorio, para Gamer, para oficina ",10.19,796 vendido(s),4.8,Envío gratis,Sin dato
"Alfombrilla de ratón con reposamuñecas para Gaming, alfombrilla de escritorio suave, barata, rosa, accesorios para Pc ",3.97,448 vendido(s),4.3,"+ envío: PEN 3,89",Sin dato
"Alfombrilla de cuero PU para ratón portátil, cubierta de mesa de teclado impermeable, fácil de limpiar, protectora, para ordenador portátil, PC, hogar ",42.59,1496 vendido(s),4.8,"+ envío: PEN 26,43",Sin dato
"Alfombrillas de ratón de EVA con muñeca, alfombrilla de Color sólido para ordenador, mesa de ordenador portátil, alfombrilla de ratón antideslizante, muñequera suave ",5.33,1576 vendido(s),4.6,"+ envío: PEN 2,13",Sin dato
"Alfombrillas geométricas para ordenador portátil, accesorios para juegos, alfombrilla de ratón grande de Anime, teclados de goma, alfombrilla de mesa ",24.18,1540 vendido(s),4.6,"+ envío: PEN 19,01",PEN65.97
"Alfombrilla portátil de cuero PU para Juegos de oficina, alfombrilla protectora de superficie de descanso para escritorio, comedor, escritura, fácil de limpiar ",0.04,538 vendido(s),4.8,"+ envío: PEN 59,91",PEN27.59
"Alfombrilla de ratón Kawaii de Anime con soporte para la muñeca, antideslizante, de silicona, reposamanos, dibujos animados en 3D, para PC, ordenador portátil y videojuegos ",15.32,529 vendido(s),4.7,"+ envío: PEN 18,13",Sin dato
"Alfombrilla cuadrada para ratón, accesorio Kawaii para PC, portátil, escritorio, Color rosa ",6.22,2022 vendido(s),4.5,"+ envío: PEN 2,53",Sin dato
"Alfombrilla de ratón para Gaming, muñequera EVA, soporte de muñeca, accesorios de Gaming para ordenador, protector de mano para muñeca ",3.17,1447 vendido(s),4.6,"+ envío: PEN 1,52",Sin dato
"Alfombrilla de ratón XXL HyperX grande para Gamer, tapete de ratón de escritorio de 900x400cm, Alfombra de goma, Souris para Gaming, Bloc de notas para CSGO ",42.35,808 vendido(s),4.5,"+ envío: PEN 33,24",PEN97.33
"Alfombrilla de ratón grande para videojuegos, accesorios de dragón chino, impresión HD, para teclado de ordenador de oficina, XXL, para ordenador de escritorio y portátil ",55.62,975 vendido(s),4.9,"+ envío: PEN 57,67",PEN137.79
"Alfombrillas de ratón antideslizantes para juegos de ordenador, almohadillas de ratón antideslizantes para pies pequeños, Color sólido creativo, pulsera EVA, periféricos de ordenador ",3.97,513 vendido(s),4.7,"+ envío: PEN 1,04",Sin dato
"Alfombrilla de ratón SteelSeries, tamaño pequeño, para Gaming, Accesorios de ordenador ",0.04,270 vendido(s),4.5,"+ envío: PEN 2,97",PEN11.63
"Alfombrilla de ratón de Anime para ordenador, accesorios Kawaii para Gaming, alfombrilla de escritorio, Xxl, Jujutsu Kaisen ",0.24,120 vendido(s),4.7,Envío gratis,PEN27.59
"Alfombrilla de ratón Xxl para Gaming, accesorios Cool Dragon para Gaming, alfombrilla de escritorio de velocidad, alfombrilla de ratón con bolas, alfombrillas de ratón Super DBZ ",0.04,255 vendido(s),4.5,Envío gratis,PEN17.24
"Alfombrilla de ratón para ordenador Strata Liquid, alfombrilla de ratón para Gaming, abstracto, grande, 900x400, XXL ",129.93,675 vendido(s),4.7,"+ envío: PEN 57,67",PEN270.32
"Alfombrilla de ratón impermeable para ordenador, alfombrilla de ratón de dibujos animados, alfombrilla geométrica para Gamer, tapete de escritorio para teclado de PC, 20-30 ",0.04,614 vendido(s),4.8,Envío gratis,PEN16.68
"Alfombrilla de ratón con forma para ordenador, accesorio de escritorio mensual, reposamuñecas, para escritorio, escritorio, juegos ",4.41,28 vendido(s),4.2,Envío gratis,Sin dato
"Alfombrilla de escritorio sencilla para ordenador de oficina, almohadilla de fieltro para teclado, portátil, para Gamer ",10.39,82 vendido(s),5,"+ envío: PEN 4,49",Sin dato
"Alfombrilla de ratón grande y portátil para gamer, alfombra de doble cara de escritorio para jugador, de ante y cuero PU, impermeable, para teclado o cubierta de mesa, para ordenador ",51.69,1542 vendido(s),4.8,"+ envío: PEN 14,52",Sin dato
"Alfombrilla de ratón con reposamuñecas, barata, Kawaii, para Gaming, teclado, Protector de escritorio, accesorios para Pc ",3.97,204 vendido(s),4.5,"+ envío: PEN 3,89",Sin dato
"Ricks-alfombrilla de ratón para Gaming, accesorios para Pc, tapete de teclado, Deskmat, Anime, tapetes Kawaii para portátiles, almohadillas de goma de dibujos animados ",7.66,105 vendido(s),4.6,"+ envío: PEN 1,68",Sin dato
"ASUS-alfombrilla de ratón ROG para ordenador, accesorio grande para Gaming, Alfombra de escritorio, teclado, decoración de goma, CS GO ",0.04,146 vendido(s),4.4,Envío gratis,PEN16.04
"Alfombrilla de ratón Kawaii Stitch para Gaming, Accesorios para ordenador, Notebook, teclados, cubierta de mesa, alfombrilla de escritorio ",17.68,375 vendido(s),4.9,"+ envío: PEN 19,72",Sin dato
"Alfombrilla de ratón XXL para ordenador, alfombra suave de escritorio, para Gamer, para oficina ",10.19,796 vendido(s),4.8,Envío gratis,Sin dato
"Alfombrilla de ratón con reposamuñecas para Gaming, alfombrilla de escritorio suave, barata, rosa, accesorios para Pc ",3.97,448 vendido(s),4.3,"+ envío: PEN 3,89",Sin dato
"Alfombrilla de cuero PU para ratón portátil, cubierta de mesa de teclado impermeable, fácil de limpiar, protectora, para ordenador portátil, PC, hogar ",42.59,1496 vendido(s),4.8,"+ envío: PEN 26,43",Sin dato
"Alfombrillas de ratón de EVA con muñeca, alfombrilla de Color sólido para ordenador, mesa de ordenador portátil, alfombrilla de ratón antideslizante, muñequera suave ",5.33,1576 vendido(s),4.6,"+ envío: PEN 2,13",Sin dato
"Alfombrillas geométricas para ordenador portátil, accesorios para juegos, alfombrilla de ratón grande de Anime, teclados de goma, alfombrilla de mesa ",24.18,1540 vendido(s),4.6,"+ envío: PEN 19,01",PEN65.97
"Alfombrilla portátil de cuero PU para Juegos de oficina, alfombrilla protectora de superficie de descanso para escritorio, comedor, escritura, fácil de limpiar ",0.04,538 vendido(s),4.8,"+ envío: PEN 59,91",PEN27.59
"Alfombrilla de ratón Kawaii de Anime con soporte para la muñeca, antideslizante, de silicona, reposamanos, dibujos animados en 3D, para PC, ordenador portátil y videojuegos ",15.32,529 vendido(s),4.7,"+ envío: PEN 18,13",Sin dato
"Alfombrilla cuadrada para ratón, accesorio Kawaii para PC, portátil, escritorio, Color rosa ",6.22,2022 vendido(s),4.5,"+ envío: PEN 2,53",Sin dato
"Alfombrilla de ratón para Gaming, muñequera EVA, soporte de muñeca, accesorios de Gaming para ordenador, protector de mano para muñeca ",3.17,1447 vendido(s),4.6,"+ envío: PEN 1,52",Sin dato
"Alfombrilla de ratón XXL HyperX grande para Gamer, tapete de ratón de escritorio de 900x400cm, Alfombra de goma, Souris para Gaming, Bloc de notas para CSGO ",42.35,808 vendido(s),4.5,"+ envío: PEN 33,24",PEN97.33
"Alfombrilla de ratón grande para videojuegos, accesorios de dragón chino, impresión HD, para teclado de ordenador de oficina, XXL, para ordenador de escritorio y portátil ",55.62,975 vendido(s),4.9,"+ envío: PEN 57,67",PEN137.79
"Alfombrillas de ratón antideslizantes para juegos de ordenador, almohadillas de ratón antideslizantes para pies pequeños, Color sólido creativo, pulsera EVA, periféricos de ordenador ",3.97,513 vendido(s),4.7,"+ envío: PEN 1,04",Sin dato
"Alfombrilla de ratón SteelSeries, tamaño pequeño, para Gaming, Accesorios de ordenador ",0.04,270 vendido(s),4.5,"+ envío: PEN 2,97",PEN11.63
"Alfombrilla de ratón de Anime para ordenador, accesorios Kawaii para Gaming, alfombrilla de escritorio, Xxl, Jujutsu Kaisen ",0.24,120 vendido(s),4.7,Envío gratis,PEN27.59
"Alfombrilla de ratón Xxl para Gaming, accesorios Cool Dragon para Gaming, alfombrilla de escritorio de velocidad, alfombrilla de ratón con bolas, alfombrillas de ratón Super DBZ ",0.04,255 vendido(s),4.5,Envío gratis,PEN17.24
"Alfombrilla de ratón para ordenador Strata Liquid, alfombrilla de ratón para Gaming, abstracto, grande, 900x400, XXL ",129.93,675 vendido(s),4.7,"+ envío: PEN 57,67",PEN270.32
"Alfombrilla de ratón impermeable para ordenador, alfombrilla de ratón de dibujos animados, alfombrilla geométrica para Gamer, tapete de escritorio para teclado de PC, 20-30 ",0.04,614 vendido(s),4.8,Envío gratis,PEN16.68
"Alfombrilla de ratón con forma para ordenador, accesorio de escritorio mensual, reposamuñecas, para escritorio, escritorio, juegos ",4.41,28 vendido(s),4.2,Envío gratis,Sin dato
"Alfombrilla de escritorio sencilla para ordenador de oficina, almohadilla de fieltro para teclado, portátil, para Gamer ",10.39,82 vendido(s),5,"+ envío: PEN 4,49",Sin dato
"Alfombrilla de ratón grande y portátil para gamer, alfombra de doble cara de escritorio para jugador, de ante y cuero PU, impermeable, para teclado o cubierta de mesa, para ordenador ",51.69,1542 vendido(s),4.8,"+ envío: PEN 14,52",Sin dato
"Alfombrilla de ratón con reposamuñecas, barata, Kawaii, para Gaming, teclado, Protector de escritorio, accesorios para Pc ",3.97,204 vendido(s),4.5,"+ envío: PEN 3,89",Sin dato
"Ricks-alfombrilla de ratón para Gaming, accesorios para Pc, tapete de teclado, Deskmat, Anime, tapetes Kawaii para portátiles, almohadillas de goma de dibujos animados ",7.66,105 vendido(s),4.6,"+ envío: PEN 1,68",Sin dato
"ASUS-alfombrilla de ratón ROG para ordenador, accesorio grande para Gaming, Alfombra de escritorio, teclado, decoración de goma, CS GO ",0.04,146 vendido(s),4.4,Envío gratis,PEN16.04
"Alfombrilla de ratón Kawaii Stitch para Gaming, Accesorios para ordenador, Notebook, teclados, cubierta de mesa, alfombrilla de escritorio ",17.68,375 vendido(s),4.9,"+ envío: PEN 19,72",Sin dato
"Alfombrilla de ratón XXL para ordenador, alfombra suave de escritorio, para Gamer, para oficina ",10.19,796 vendido(s),4.8,Envío gratis,Sin dato
"Alfombrilla de ratón con reposamuñecas para Gaming, alfombrilla de escritorio suave, barata, rosa, accesorios para Pc ",3.97,448 vendido(s),4.3,"+ envío: PEN 3,89",Sin dato
"Alfombrilla de cuero PU para ratón portátil, cubierta de mesa de teclado impermeable, fácil de limpiar, protectora, para ordenador portátil, PC, hogar ",42.59,1496 vendido(s),4.8,"+ envío: PEN 26,43",Sin dato
"Alfombrillas de ratón de EVA con muñeca, alfombrilla de Color sólido para ordenador, mesa de ordenador portátil, alfombrilla de ratón antideslizante, muñequera suave ",5.33,1576 vendido(s),4.6,"+ envío: PEN 2,13",Sin dato
"Alfombrillas geométricas para ordenador portátil, accesorios para juegos, alfombrilla de ratón grande de Anime, teclados de goma, alfombrilla de mesa ",24.18,1540 vendido(s),4.6,"+ envío: PEN 19,01",PEN65.97
"Alfombrilla portátil de cuero PU para Juegos de oficina, alfombrilla protectora de superficie de descanso para escritorio, comedor, escritura, fácil de limpiar ",0.04,538 vendido(s),4.8,"+ envío: PEN 59,91",PEN27.59
"Alfombrilla de ratón Kawaii de Anime con soporte para la muñeca, antideslizante, de silicona, reposamanos, dibujos animados en 3D, para PC, ordenador portátil y videojuegos ",15.32,529 vendido(s),4.7,"+ envío: PEN 18,13",Sin dato
"Alfombrilla cuadrada para ratón, accesorio Kawaii para PC, portátil, escritorio, Color rosa ",6.22,2022 vendido(s),4.5,"+ envío: PEN 2,53",Sin dato
"Alfombrilla de ratón para Gaming, muñequera EVA, soporte de muñeca, accesorios de Gaming para ordenador, protector de mano para muñeca ",3.17,1447 vendido(s),4.6,"+ envío: PEN 1,52",Sin dato
"Alfombrilla de ratón XXL HyperX grande para Gamer, tapete de ratón de escritorio de 900x400cm, Alfombra de goma, Souris para Gaming, Bloc de notas para CSGO ",42.35,808 vendido(s),4.5,"+ envío: PEN 33,24",PEN97.33
"Alfombrilla de ratón grande para videojuegos, accesorios de dragón chino, impresión HD, para teclado de ordenador de oficina, XXL, para ordenador de escritorio y portátil ",55.62,975 vendido(s),4.9,"+ envío: PEN 57,67",PEN137.79
"Alfombrillas de ratón antideslizantes para juegos de ordenador, almohadillas de ratón antideslizantes para pies pequeños, Color sólido creativo, pulsera EVA, periféricos de ordenador ",3.97,513 vendido(s),4.7,"+ envío: PEN 1,04",Sin dato
"Alfombrilla de ratón SteelSeries, tamaño pequeño, para Gaming, Accesorios de ordenador ",0.04,270 vendido(s),4.5,"+ envío: PEN 2,97",PEN11.63
"Alfombrilla de ratón de Anime para ordenador, accesorios Kawaii para Gaming, alfombrilla de escritorio, Xxl, Jujutsu Kaisen ",0.24,120 vendido(s),4.7,Envío gratis,PEN27.59
"Alfombrilla de ratón Xxl para Gaming, accesorios Cool Dragon para Gaming, alfombrilla de escritorio de velocidad, alfombrilla de ratón con bolas, alfombrillas de ratón Super DBZ ",0.04,255 vendido(s),4.5,Envío gratis,PEN17.24
"Alfombrilla de ratón para ordenador Strata Liquid, alfombrilla de ratón para Gaming, abstracto, grande, 900x400, XXL ",129.93,675 vendido(s),4.7,"+ envío: PEN 57,67",PEN270.32
"Alfombrilla de ratón impermeable para ordenador, alfombrilla de ratón de dibujos animados, alfombrilla geométrica para Gamer, tapete de escritorio para teclado de PC, 20-30 ",0.04,614 vendido(s),4.8,Envío gratis,PEN16.68
"Alfombrilla de ratón con forma para ordenador, accesorio de escritorio mensual, reposamuñecas, para escritorio, escritorio, juegos ",4.41,28 vendido(s),4.2,Envío gratis,Sin dato
"Alfombrilla de escritorio sencilla para ordenador de oficina, almohadilla de fieltro para teclado, portátil, para Gamer ",10.39,82 vendido(s),5,"+ envío: PEN 4,49",Sin dato
"Alfombrilla de ratón grande y portátil para gamer, alfombra de doble cara de escritorio para jugador, de ante y cuero PU, impermeable, para teclado o cubierta de mesa, para ordenador ",51.69,1542 vendido(s),4.8,"+ envío: PEN 14,52",Sin dato
"Alfombrilla de ratón con reposamuñecas, barata, Kawaii, para Gaming, teclado, Protector de escritorio, accesorios para Pc ",3.97,204 vendido(s),4.5,"+ envío: PEN 3,89",Sin dato
"Ricks-alfombrilla de ratón para Gaming, accesorios para Pc, tapete de teclado, Deskmat, Anime, tapetes Kawaii para portátiles, almohadillas de goma de dibujos animados ",7.66,105 vendido(s),4.6,"+ envío: PEN 1,68",Sin dato
"ASUS-alfombrilla de ratón ROG para ordenador, accesorio grande para Gaming, Alfombra de escritorio, teclado, decoración de goma, CS GO ",0.04,146 vendido(s),4.4,Envío gratis,PEN16.04
"Alfombrilla de ratón Kawaii Stitch para Gaming, Accesorios para ordenador, Notebook, teclados, cubierta de mesa, alfombrilla de escritorio ",17.68,375 vendido(s),4.9,"+ envío: PEN 19,72",Sin dato
"Alfombrilla de ratón XXL para ordenador, alfombra suave de escritorio, para Gamer, para oficina ",10.19,796 vendido(s),4.8,Envío gratis,Sin dato
"Alfombrilla de ratón con reposamuñecas para Gaming, alfombrilla de escritorio suave, barata, rosa, accesorios para Pc ",3.97,448 vendido(s),4.3,"+ envío: PEN 3,89",Sin dato
"Alfombrilla de cuero PU para ratón portátil, cubierta de mesa de teclado impermeable, fácil de limpiar, protectora, para ordenador portátil, PC, hogar ",42.59,1496 vendido(s),4.8,"+ envío: PEN 26,43",Sin dato
"Alfombrillas de ratón de EVA con muñeca, alfombrilla de Color sólido para ordenador, mesa de ordenador portátil, alfombrilla de ratón antideslizante, muñequera suave ",5.33,1576 vendido(s),4.6,"+ envío: PEN 2,13",Sin dato
"Alfombrillas geométricas para ordenador portátil, accesorios para juegos, alfombrilla de ratón grande de Anime, teclados de goma, alfombrilla de mesa ",24.18,1540 vendido(s),4.6,"+ envío: PEN 19,01",PEN65.97
"Alfombrilla portátil de cuero PU para Juegos de oficina, alfombrilla protectora de superficie de descanso para escritorio, comedor, escritura, fácil de limpiar ",0.04,538 vendido(s),4.8,"+ envío: PEN 59,91",PEN27.59
"Alfombrilla de ratón Kawaii de Anime con soporte para la muñeca, antideslizante, de silicona, reposamanos, dibujos animados en 3D, para PC, ordenador portátil y videojuegos ",15.32,529 vendido(s),4.7,"+ envío: PEN 18,13",Sin dato
"Alfombrilla cuadrada para ratón, accesorio Kawaii para PC, portátil, escritorio, Color rosa ",6.22,2022 vendido(s),4.5,"+ envío: PEN 2,53",Sin dato
"Alfombrilla de ratón para Gaming, muñequera EVA, soporte de muñeca, accesorios de Gaming para ordenador, protector de mano para muñeca ",3.17,1447 vendido(s),4.6,"+ envío: PEN 1,52",Sin dato
"Alfombrilla de ratón XXL HyperX grande para Gamer, tapete de ratón de escritorio de 900x400cm, Alfombra de goma, Souris para Gaming, Bloc de notas para CSGO ",42.35,808 vendido(s),4.5,"+ envío: PEN 33,24",PEN97.33
"Alfombrilla de ratón grande para videojuegos, accesorios de dragón chino, impresión HD, para teclado de ordenador de oficina, XXL, para ordenador de escritorio y portátil ",55.62,975 vendido(s),4.9,"+ envío: PEN 57,67",PEN137.79
"Alfombrillas de ratón antideslizantes para juegos de ordenador, almohadillas de ratón antideslizantes para pies pequeños, Color sólido creativo, pulsera EVA, periféricos de ordenador ",3.97,513 vendido(s),4.7,"+ envío: PEN 1,04",Sin dato
"Alfombrilla de ratón SteelSeries, tamaño pequeño, para Gaming, Accesorios de ordenador ",0.04,270 vendido(s),4.5,"+ envío: PEN 2,97",PEN11.63
"Alfombrilla de ratón de Anime para ordenador, accesorios Kawaii para Gaming, alfombrilla de escritorio, Xxl, Jujutsu Kaisen ",0.24,120 vendido(s),4.7,Envío gratis,PEN27.59
"Alfombrilla de ratón Xxl para Gaming, accesorios Cool Dragon para Gaming, alfombrilla de escritorio de velocidad, alfombrilla de ratón con bolas, alfombrillas de ratón Super DBZ ",0.04,255 vendido(s),4.5,Envío gratis,PEN17.24
"Alfombrilla de ratón para ordenador Strata Liquid, alfombrilla de ratón para Gaming, abstracto, grande, 900x400, XXL ",129.93,675 vendido(s),4.7,"+ envío: PEN 57,67",PEN270.32
"Alfombrilla de ratón impermeable para ordenador, alfombrilla de ratón de dibujos animados, alfombrilla geométrica para Gamer, tapete de escritorio para teclado de PC, 20-30 ",0.04,614 vendido(s),4.8,Envío gratis,PEN16.68
"Alfombrilla de ratón con forma para ordenador, accesorio de escritorio mensual, reposamuñecas, para escritorio, escritorio, juegos ",4.41,28 vendido(s),4.2,Envío gratis,Sin dato
"Alfombrilla de escritorio sencilla para ordenador de oficina, almohadilla de fieltro para teclado, portátil, para Gamer ",10.39,82 vendido(s),5,"+ envío: PEN 4,49",Sin dato
"Alfombrilla de ratón grande y portátil para gamer, alfombra de doble cara de escritorio para jugador, de ante y cuero PU, impermeable, para teclado o cubierta de mesa, para ordenador ",51.69,1542 vendido(s),4.8,"+ envío: PEN 14,52",Sin dato
"Alfombrilla de ratón con reposamuñecas, barata, Kawaii, para Gaming, teclado, Protector de escritorio, accesorios para Pc ",3.97,204 vendido(s),4.5,"+ envío: PEN 3,89",Sin dato
"Ricks-alfombrilla de ratón para Gaming, accesorios para Pc, tapete de teclado, Deskmat, Anime, tapetes Kawaii para portátiles, almohadillas de goma de dibujos animados ",7.66,105 vendido(s),4.6,"+ envío: PEN 1,68",Sin dato
"ASUS-alfombrilla de ratón ROG para ordenador, accesorio grande para Gaming, Alfombra de escritorio, teclado, decoración de goma, CS GO ",0.04,146 vendido(s),4.4,Envío gratis,PEN16.04
"Alfombrilla de ratón Kawaii Stitch para Gaming, Accesorios para ordenador, Notebook, teclados, cubierta de mesa, alfombrilla de escritorio ",17.68,375 vendido(s),4.9,"+ envío: PEN 19,72",Sin dato
"Alfombrilla de ratón XXL para ordenador, alfombra suave de escritorio, para Gamer, para oficina ",10.19,796 vendido(s),4.8,Envío gratis,Sin dato
"Alfombrilla de ratón con reposamuñecas para Gaming, alfombrilla de escritorio suave, barata, rosa, accesorios para Pc ",3.97,448 vendido(s),4.3,"+ envío: PEN 3,89",Sin dato
"Alfombrilla de cuero PU para ratón portátil, cubierta de mesa de teclado impermeable, fácil de limpiar, protectora, para ordenador portátil, PC, hogar ",42.59,1496 vendido(s),4.8,"+ envío: PEN 26,43",Sin dato
"Alfombrillas de ratón de EVA con muñeca, alfombrilla de Color sólido para ordenador, mesa de ordenador portátil, alfombrilla de ratón antideslizante, muñequera suave ",5.33,1576 vendido(s),4.6,"+ envío: PEN 2,13",Sin dato
"Alfombrillas geométricas para ordenador portátil, accesorios para juegos, alfombrilla de ratón grande de Anime, teclados de goma, alfombrilla de mesa ",24.18,1540 vendido(s),4.6,"+ envío: PEN 19,01",PEN65.97
"Alfombrilla portátil de cuero PU para Juegos de oficina, alfombrilla protectora de superficie de descanso para escritorio, comedor, escritura, fácil de limpiar ",0.04,538 vendido(s),4.8,"+ envío: PEN 59,91",PEN27.59
"Alfombrilla de ratón Kawaii de Anime con soporte para la muñeca, antideslizante, de silicona, reposamanos, dibujos animados en 3D, para PC, ordenador portátil y videojuegos ",15.32,529 vendido(s),4.7,"+ envío: PEN 18,13",Sin dato
"Alfombrilla cuadrada para ratón, accesorio Kawaii para PC, portátil, escritorio, Color rosa ",6.22,2022 vendido(s),4.5,"+ envío: PEN 2,53",Sin dato
"Alfombrilla de ratón para Gaming, muñequera EVA, soporte de muñeca, accesorios de Gaming para ordenador, protector de mano para muñeca ",3.17,1447 vendido(s),4.6,"+ envío: PEN 1,52",Sin dato
"Alfombrilla de ratón XXL HyperX grande para Gamer, tapete de ratón de escritorio de 900x400cm, Alfombra de goma, Souris para Gaming, Bloc de notas para CSGO ",42.35,808 vendido(s),4.5,"+ envío: PEN 33,24",PEN97.33
"Alfombrilla de ratón grande para videojuegos, accesorios de dragón chino, impresión HD, para teclado de ordenador de oficina, XXL, para ordenador de escritorio y portátil ",55.62,975 vendido(s),4.9,"+ envío: PEN 57,67",PEN137.79
"Alfombrillas de ratón antideslizantes para juegos de ordenador, almohadillas de ratón antideslizantes para pies pequeños, Color sólido creativo, pulsera EVA, periféricos de ordenador ",3.97,513 vendido(s),4.7,"+ envío: PEN 1,04",Sin dato
"Alfombrilla de ratón SteelSeries, tamaño pequeño, para Gaming, Accesorios de ordenador ",0.04,270 vendido(s),4.5,"+ envío: PEN 2,97",PEN11.63
"Alfombrilla de ratón de Anime para ordenador, accesorios Kawaii para Gaming, alfombrilla de escritorio, Xxl, Jujutsu Kaisen ",0.24,120 vendido(s),4.7,Envío gratis,PEN27.59
"Alfombrilla de ratón Xxl para Gaming, accesorios Cool Dragon para Gaming, alfombrilla de escritorio de velocidad, alfombrilla de ratón con bolas, alfombrillas de ratón Super DBZ ",0.04,255 vendido(s),4.5,Envío gratis,PEN17.24
"Alfombrilla de ratón para ordenador Strata Liquid, alfombrilla de ratón para Gaming, abstracto, grande, 900x400, XXL ",129.93,675 vendido(s),4.7,"+ envío: PEN 57,67",PEN270.32
"Alfombrilla de ratón impermeable para ordenador, alfombrilla de ratón de dibujos animados, alfombrilla geométrica para Gamer, tapete de escritorio para teclado de PC, 20-30 ",0.04,614 vendido(s),4.8,Envío gratis,PEN16.68
"Alfombrilla de ratón con forma para ordenador, accesorio de escritorio mensual, reposamuñecas, para escritorio, escritorio, juegos ",4.41,28 vendido(s),4.2,Envío gratis,Sin dato
"Alfombrilla de escritorio sencilla para ordenador de oficina, almohadilla de fieltro para teclado, portátil, para Gamer ",10.39,82 vendido(s),5,"+ envío: PEN 4,49",Sin dato
"Alfombrilla de ratón grande y portátil para gamer, alfombra de doble cara de escritorio para jugador, de ante y cuero PU, impermeable, para teclado o cubierta de mesa, para ordenador ",51.69,1542 vendido(s),4.8,"+ envío: PEN 14,52",Sin dato
"Alfombrilla de ratón con reposamuñecas, barata, Kawaii, para Gaming, teclado, Protector de escritorio, accesorios para Pc ",3.97,204 vendido(s),4.5,"+ envío: PEN 3,89",Sin dato
"Ricks-alfombrilla de ratón para Gaming, accesorios para Pc, tapete de teclado, Deskmat, Anime, tapetes Kawaii para portátiles, almohadillas de goma de dibujos animados ",7.66,105 vendido(s),4.6,"+ envío: PEN 1,68",Sin dato
"ASUS-alfombrilla de ratón ROG para ordenador, accesorio grande para Gaming, Alfombra de escritorio, teclado, decoración de goma, CS GO ",0.04,146 vendido(s),4.4,Envío gratis,PEN16.04
"Alfombrilla de ratón Kawaii Stitch para Gaming, Accesorios para ordenador, Notebook, teclados, cubierta de mesa, alfombrilla de escritorio ",17.68,375 vendido(s),4.9,"+ envío: PEN 19,72",Sin dato
"Alfombrilla de ratón XXL para ordenador, alfombra suave de escritorio, para Gamer, para oficina ",10.19,796 vendido(s),4.8,Envío gratis,Sin dato
"Alfombrilla de ratón con reposamuñecas para Gaming, alfombrilla de escritorio suave, barata, rosa, accesorios para Pc ",3.97,448 vendido(s),4.3,"+ envío: PEN 3,89",Sin dato
"Alfombrilla de cuero PU para ratón portátil, cubierta de mesa de teclado impermeable, fácil de limpiar, protectora, para ordenador portátil, PC, hogar ",42.59,1496 vendido(s),4.8,"+ envío: PEN 26,43",Sin dato
"Alfombrillas de ratón de EVA con muñeca, alfombrilla de Color sólido para ordenador, mesa de ordenador portátil, alfombrilla de ratón antideslizante, muñequera suave ",5.33,1576 vendido(s),4.6,"+ envío: PEN 2,13",Sin dato
"Alfombrillas geométricas para ordenador portátil, accesorios para juegos, alfombrilla de ratón grande de Anime, teclados de goma, alfombrilla de mesa ",24.18,1540 vendido(s),4.6,"+ envío: PEN 19,01",PEN65.97
"Alfombrilla portátil de cuero PU para Juegos de oficina, alfombrilla protectora de superficie de descanso para escritorio, comedor, escritura, fácil de limpiar ",0.04,538 vendido(s),4.8,"+ envío: PEN 59,91",PEN27.59
"Alfombrilla de ratón Kawaii de Anime con soporte para la muñeca, antideslizante, de silicona, reposamanos, dibujos animados en 3D, para PC, ordenador portátil y videojuegos ",15.32,529 vendido(s),4.7,"+ envío: PEN 18,13",Sin dato
"Alfombrilla cuadrada para ratón, accesorio Kawaii para PC, portátil, escritorio, Color rosa ",6.22,2022 vendido(s),4.5,"+ envío: PEN 2,53",Sin dato
"Alfombrilla de ratón para Gaming, muñequera EVA, soporte de muñeca, accesorios de Gaming para ordenador, protector de mano para muñeca ",3.17,1447 vendido(s),4.6,"+ envío: PEN 1,52",Sin dato
"Alfombrilla de ratón XXL HyperX grande para Gamer, tapete de ratón de escritorio de 900x400cm, Alfombra de goma, Souris para Gaming, Bloc de notas para CSGO ",42.35,808 vendido(s),4.5,"+ envío: PEN 33,24",PEN97.33
"Alfombrilla de ratón grande para videojuegos, accesorios de dragón chino, impresión HD, para teclado de ordenador de oficina, XXL, para ordenador de escritorio y portátil ",55.62,975 vendido(s),4.9,"+ envío: PEN 57,67",PEN137.79
"Alfombrillas de ratón antideslizantes para juegos de ordenador, almohadillas de ratón antideslizantes para pies pequeños, Color sólido creativo, pulsera EVA, periféricos de ordenador ",3.97,513 vendido(s),4.7,"+ envío: PEN 1,04",Sin dato
"Alfombrilla de ratón SteelSeries, tamaño pequeño, para Gaming, Accesorios de ordenador ",0.04,270 vendido(s),4.5,"+ envío: PEN 2,97",PEN11.63
"Alfombrilla de ratón de Anime para ordenador, accesorios Kawaii para Gaming, alfombrilla de escritorio, Xxl, Jujutsu Kaisen ",0.24,120 vendido(s),4.7,Envío gratis,PEN27.59
"Alfombrilla de ratón Xxl para Gaming, accesorios Cool Dragon para Gaming, alfombrilla de escritorio de velocidad, alfombrilla de ratón con bolas, alfombrillas de ratón Super DBZ ",0.04,255 vendido(s),4.5,Envío gratis,PEN17.24
"Alfombrilla de ratón para ordenador Strata Liquid, alfombrilla de ratón para Gaming, abstracto, grande, 900x400, XXL ",129.93,675 vendido(s),4.7,"+ envío: PEN 57,67",PEN270.32
"Alfombrilla de ratón impermeable para ordenador, alfombrilla de ratón de dibujos animados, alfombrilla geométrica para Gamer, tapete de escritorio para teclado de PC, 20-30 ",0.04,614 vendido(s),4.8,Envío gratis,PEN16.68
"Alfombrilla de ratón con forma para ordenador, accesorio de escritorio mensual, reposamuñecas, para escritorio, escritorio, juegos ",4.41,28 vendido(s),4.2,Envío gratis,Sin dato
"Alfombrilla de escritorio sencilla para ordenador de oficina, almohadilla de fieltro para teclado, portátil, para Gamer ",10.39,82 vendido(s),5,"+ envío: PEN 4,49",Sin dato
"Alfombrilla de ratón grande y portátil para gamer, alfombra de doble cara de escritorio para jugador, de ante y cuero PU, impermeable, para teclado o cubierta de mesa, para ordenador ",51.69,1542 vendido(s),4.8,"+ envío: PEN 14,52",Sin dato
"Alfombrilla de ratón con reposamuñecas, barata, Kawaii, para Gaming, teclado, Protector de escritorio, accesorios para Pc ",3.97,204 vendido(s),4.5,"+ envío: PEN 3,89",Sin dato
"Ricks-alfombrilla de ratón para Gaming, accesorios para Pc, tapete de teclado, Deskmat, Anime, tapetes Kawaii para portátiles, almohadillas de goma de dibujos animados ",7.66,105 vendido(s),4.6,"+ envío: PEN 1,68",Sin dato
"ASUS-alfombrilla de ratón ROG para ordenador, accesorio grande para Gaming, Alfombra de escritorio, teclado, decoración de goma, CS GO ",0.04,146 vendido(s),4.4,Envío gratis,PEN16.04
"Alfombrilla de ratón Kawaii Stitch para Gaming, Accesorios para ordenador, Notebook, teclados, cubierta de mesa, alfombrilla de escritorio ",17.68,375 vendido(s),4.9,"+ envío: PEN 19,72",Sin dato
"Alfombrilla de ratón XXL para ordenador, alfombra suave de escritorio, para Gamer, para oficina ",10.19,796 vendido(s),4.8,Envío gratis,Sin dato
"Alfombrilla de ratón con reposamuñecas para Gaming, alfombrilla de escritorio suave, barata, rosa, accesorios para Pc ",3.97,448 vendido(s),4.3,"+ envío: PEN 3,89",Sin dato
"Alfombrilla de cuero PU para ratón portátil, cubierta de mesa de teclado impermeable, fácil de limpiar, protectora, para ordenador portátil, PC, hogar ",42.59,1496 vendido(s),4.8,"+ envío: PEN 26,43",Sin dato
"Alfombrillas de ratón de EVA con muñeca, alfombrilla de Color sólido para ordenador, mesa de ordenador portátil, alfombrilla de ratón antideslizante, muñequera suave ",5.33,1576 vendido(s),4.6,"+ envío: PEN 2,13",Sin dato
"Alfombrillas geométricas para ordenador portátil, accesorios para juegos, alfombrilla de ratón grande de Anime, teclados de goma, alfombrilla de mesa ",24.18,1540 vendido(s),4.6,"+ envío: PEN 19,01",PEN65.97
"Alfombrilla portátil de cuero PU para Juegos de oficina, alfombrilla protectora de superficie de descanso para escritorio, comedor, escritura, fácil de limpiar ",0.04,538 vendido(s),4.8,"+ envío: PEN 59,91",PEN27.59
"Alfombrilla de ratón Kawaii de Anime con soporte para la muñeca, antideslizante, de silicona, reposamanos, dibujos animados en 3D, para PC, ordenador portátil y videojuegos ",15.32,529 vendido(s),4.7,"+ envío: PEN 18,13",Sin dato
"Alfombrilla cuadrada para ratón, accesorio Kawaii para PC, portátil, escritorio, Color rosa ",6.22,2022 vendido(s),4.5,"+ envío: PEN 2,53",Sin dato
"Alfombrilla de ratón para Gaming, muñequera EVA, soporte de muñeca, accesorios de Gaming para ordenador, protector de mano para muñeca ",3.17,1447 vendido(s),4.6,"+ envío: PEN 1,52",Sin dato
"Alfombrilla de ratón XXL HyperX grande para Gamer, tapete de ratón de escritorio de 900x400cm, Alfombra de goma, Souris para Gaming, Bloc de notas para CSGO ",42.35,808 vendido(s),4.5,"+ envío: PEN 33,24",PEN97.33
"Alfombrilla de ratón grande para videojuegos, accesorios de dragón chino, impresión HD, para teclado de ordenador de oficina, XXL, para ordenador de escritorio y portátil ",55.62,975 vendido(s),4.9,"+ envío: PEN 57,67",PEN137.79
"Alfombrillas de ratón antideslizantes para juegos de ordenador, almohadillas de ratón antideslizantes para pies pequeños, Color sólido creativo, pulsera EVA, periféricos de ordenador ",3.97,513 vendido(s),4.7,"+ envío: PEN 1,04",Sin dato
"Alfombrilla de ratón SteelSeries, tamaño pequeño, para Gaming, Accesorios de ordenador ",0.04,270 vendido(s),4.5,"+ envío: PEN 2,97",PEN11.63
"Alfombrilla de ratón de Anime para ordenador, accesorios Kawaii para Gaming, alfombrilla de escritorio, Xxl, Jujutsu Kaisen ",0.24,120 vendido(s),4.7,Envío gratis,PEN27.59
"Alfombrilla de ratón Xxl para Gaming, accesorios Cool Dragon para Gaming, alfombrilla de escritorio de velocidad, alfombrilla de ratón con bolas, alfombrillas de ratón Super DBZ ",0.04,255 vendido(s),4.5,Envío gratis,PEN17.24
"Alfombrilla de ratón para ordenador Strata Liquid, alfombrilla de ratón para Gaming, abstracto, grande, 900x400, XXL ",129.93,675 vendido(s),4.7,"+ envío: PEN 57,67",PEN270.32
"Alfombrilla de ratón impermeable para ordenador, alfombrilla de ratón de dibujos animados, alfombrilla geométrica para Gamer, tapete de escritorio para teclado de PC, 20-30 ",0.04,614 vendido(s),4.8,Envío gratis,PEN16.68
"Alfombrilla de ratón con forma para ordenador, accesorio de escritorio mensual, reposamuñecas, para escritorio, escritorio, juegos ",4.41,28 vendido(s),4.2,Envío gratis,Sin dato
"Alfombrilla de escritorio sencilla para ordenador de oficina, almohadilla de fieltro para teclado, portátil, para Gamer ",10.39,82 vendido(s),5,"+ envío: PEN 4,49",Sin dato
"Alfombrilla de ratón grande y portátil para gamer, alfombra de doble cara de escritorio para jugador, de ante y cuero PU, impermeable, para teclado o cubierta de mesa, para ordenador ",51.69,1542 vendido(s),4.8,"+ envío: PEN 14,52",Sin dato
"Alfombrilla de ratón con reposamuñecas, barata, Kawaii, para Gaming, teclado, Protector de escritorio, accesorios para Pc ",3.97,204 vendido(s),4.5,"+ envío: PEN 3,89",Sin dato
"Ricks-alfombrilla de ratón para Gaming, accesorios para Pc, tapete de teclado, Deskmat, Anime, tapetes Kawaii para portátiles, almohadillas de goma de dibujos animados ",7.66,105 vendido(s),4.6,"+ envío: PEN 1,68",Sin dato
"ASUS-alfombrilla de ratón ROG para ordenador, accesorio grande para Gaming, Alfombra de escritorio, teclado, decoración de goma, CS GO ",0.04,146 vendido(s),4.4,Envío gratis,PEN16.04
"Alfombrilla de ratón Kawaii Stitch para Gaming, Accesorios para ordenador, Notebook, teclados, cubierta de mesa, alfombrilla de escritorio ",17.68,375 vendido(s),4.9,"+ envío: PEN 19,72",Sin dato
"Alfombrilla de ratón XXL para ordenador, alfombra suave de escritorio, para Gamer, para oficina ",10.19,796 vendido(s),4.8,Envío gratis,Sin dato
"Alfombrilla de ratón con reposamuñecas para Gaming, alfombrilla de escritorio suave, barata, rosa, accesorios para Pc ",3.97,448 vendido(s),4.3,"+ envío: PEN 3,89",Sin dato
"Alfombrilla de cuero PU para ratón portátil, cubierta de mesa de teclado impermeable, fácil de limpiar, protectora, para ordenador portátil, PC, hogar ",42.59,1496 vendido(s),4.8,"+ envío: PEN 26,43",Sin dato
"Alfombrillas de ratón de EVA con muñeca, alfombrilla de Color sólido para ordenador, mesa de ordenador portátil, alfombrilla de ratón antideslizante, muñequera suave ",5.33,1576 vendido(s),4.6,"+ envío: PEN 2,13",Sin dato
"Alfombrillas geométricas para ordenador portátil, accesorios para juegos, alfombrilla de ratón grande de Anime, teclados de goma, alfombrilla de mesa ",24.18,1540 vendido(s),4.6,"+ envío: PEN 19,01",PEN65.97
"Alfombrilla portátil de cuero PU para Juegos de oficina, alfombrilla protectora de superficie de descanso para escritorio, comedor, escritura, fácil de limpiar ",0.04,538 vendido(s),4.8,"+ envío: PEN 59,91",PEN27.59
"Alfombrilla de ratón Kawaii de Anime con soporte para la muñeca, antideslizante, de silicona, reposamanos, dibujos animados en 3D, para PC, ordenador portátil y videojuegos ",15.32,529 vendido(s),4.7,"+ envío: PEN 18,13",Sin dato
"Alfombrilla cuadrada para ratón, accesorio Kawaii para PC, portátil, escritorio, Color rosa ",6.22,2022 vendido(s),4.5,"+ envío: PEN 2,53",Sin dato
"Alfombrilla de ratón para Gaming, muñequera EVA, soporte de muñeca, accesorios de Gaming para ordenador, protector de mano para muñeca ",3.17,1447 vendido(s),4.6,"+ envío: PEN 1,52",Sin dato
"Alfombrilla de ratón XXL HyperX grande para Gamer, tapete de ratón de escritorio de 900x400cm, Alfombra de goma, Souris para Gaming, Bloc de notas para CSGO ",42.35,808 vendido(s),4.5,"+ envío: PEN 33,24",PEN97.33
"Alfombrilla de ratón grande para videojuegos, accesorios de dragón chino, impresión HD, para teclado de ordenador de oficina, XXL, para ordenador de escritorio y portátil ",55.62,975 vendido(s),4.9,"+ envío: PEN 57,67",PEN137.79
"Alfombrillas de ratón antideslizantes para juegos de ordenador, almohadillas de ratón antideslizantes para pies pequeños, Color sólido creativo, pulsera EVA, periféricos de ordenador ",3.97,513 vendido(s),4.7,"+ envío: PEN 1,04",Sin dato
"Alfombrilla de ratón SteelSeries, tamaño pequeño, para Gaming, Accesorios de ordenador ",0.04,270 vendido(s),4.5,"+ envío: PEN 2,97",PEN11.63
"Alfombrilla de ratón de Anime para ordenador, accesorios Kawaii para Gaming, alfombrilla de escritorio, Xxl, Jujutsu Kaisen ",0.24,120 vendido(s),4.7,Envío gratis,PEN27.59
"Alfombrilla de ratón Xxl para Gaming, accesorios Cool Dragon para Gaming, alfombrilla de escritorio de velocidad, alfombrilla de ratón con bolas, alfombrillas de ratón Super DBZ ",0.04,255 vendido(s),4.5,Envío gratis,PEN17.24
"Alfombrilla de ratón para ordenador Strata Liquid, alfombrilla de ratón para Gaming, abstracto, grande, 900x400, XXL ",129.93,675 vendido(s),4.7,"+ envío: PEN 57,67",PEN270.32
"Alfombrilla de ratón impermeable para ordenador, alfombrilla de ratón de dibujos animados, alfombrilla geométrica para Gamer, tapete de escritorio para teclado de PC, 20-30 ",0.04,614 vendido(s),4.8,Envío gratis,PEN16.68
"Alfombrilla de ratón con forma para ordenador, accesorio de escritorio mensual, reposamuñecas, para escritorio, escritorio, juegos ",4.41,28 vendido(s),4.2,Envío gratis,Sin dato
"Alfombrilla de escritorio sencilla para ordenador de oficina, almohadilla de fieltro para teclado, portátil, para Gamer ",10.39,82 vendido(s),5,"+ envío: PEN 4,49",Sin dato
"Alfombrilla de ratón grande y portátil para gamer, alfombra de doble cara de escritorio para jugador, de ante y cuero PU, impermeable, para teclado o cubierta de mesa, para ordenador ",51.69,1542 vendido(s),4.8,"+ envío: PEN 14,52",Sin dato
"Alfombrilla de ratón con reposamuñecas, barata, Kawaii, para Gaming, teclado, Protector de escritorio, accesorios para Pc ",3.97,204 vendido(s),4.5,"+ envío: PEN 3,89",Sin dato
"Ricks-alfombrilla de ratón para Gaming, accesorios para Pc, tapete de teclado, Deskmat, Anime, tapetes Kawaii para portátiles, almohadillas de goma de dibujos animados ",7.66,105 vendido(s),4.6,"+ envío: PEN 1,68",Sin dato
"ASUS-alfombrilla de ratón ROG para ordenador, accesorio grande para Gaming, Alfombra de escritorio, teclado, decoración de goma, CS GO ",0.04,146 vendido(s),4.4,Envío gratis,PEN16.04
"Alfombrilla de ratón Kawaii Stitch para Gaming, Accesorios para ordenador, Notebook, teclados, cubierta de mesa, alfombrilla de escritorio ",17.68,375 vendido(s),4.9,"+ envío: PEN 19,72",Sin dato
"Alfombrilla de ratón XXL para ordenador, alfombra suave de escritorio, para Gamer, para oficina ",10.19,796 vendido(s),4.8,Envío gratis,Sin dato
"Alfombrilla de ratón con reposamuñecas para Gaming, alfombrilla de escritorio suave, barata, rosa, accesorios para Pc ",3.97,448 vendido(s),4.3,"+ envío: PEN 3,89",Sin dato
"Alfombrilla de cuero PU para ratón portátil, cubierta de mesa de teclado impermeable, fácil de limpiar, protectora, para ordenador portátil, PC, hogar ",42.59,1496 vendido(s),4.8,"+ envío: PEN 26,43",Sin dato
"Alfombrillas de ratón de EVA con muñeca, alfombrilla de Color sólido para ordenador, mesa de ordenador portátil, alfombrilla de ratón antideslizante, muñequera suave ",5.33,1576 vendido(s),4.6,"+ envío: PEN 2,13",Sin dato
"Alfombrillas geométricas para ordenador portátil, accesorios para juegos, alfombrilla de ratón grande de Anime, teclados de goma, alfombrilla de mesa ",24.18,1540 vendido(s),4.6,"+ envío: PEN 19,01",PEN65.97
"Alfombrilla portátil de cuero PU para Juegos de oficina, alfombrilla protectora de superficie de descanso para escritorio, comedor, escritura, fácil de limpiar ",0.04,538 vendido(s),4.8,"+ envío: PEN 59,91",PEN27.59
"Alfombrilla de ratón Kawaii de Anime con soporte para la muñeca, antideslizante, de silicona, reposamanos, dibujos animados en 3D, para PC, ordenador portátil y videojuegos ",15.32,529 vendido(s),4.7,"+ envío: PEN 18,13",Sin dato
"Alfombrilla cuadrada para ratón, accesorio Kawaii para PC, portátil, escritorio, Color rosa ",6.22,2022 vendido(s),4.5,"+ envío: PEN 2,53",Sin dato
"Alfombrilla de ratón para Gaming, muñequera EVA, soporte de muñeca, accesorios de Gaming para ordenador, protector de mano para muñeca ",3.17,1447 vendido(s),4.6,"+ envío: PEN 1,52",Sin dato
"Alfombrilla de ratón XXL HyperX grande para Gamer, tapete de ratón de escritorio de 900x400cm, Alfombra de goma, Souris para Gaming, Bloc de notas para CSGO ",42.35,808 vendido(s),4.5,"+ envío: PEN 33,24",PEN97.33
"Alfombrilla de ratón grande para videojuegos, accesorios de dragón chino, impresión HD, para teclado de ordenador de oficina, XXL, para ordenador de escritorio y portátil ",55.62,975 vendido(s),4.9,"+ envío: PEN 57,67",PEN137.79
"Alfombrillas de ratón antideslizantes para juegos de ordenador, almohadillas de ratón antideslizantes para pies pequeños, Color sólido creativo, pulsera EVA, periféricos de ordenador ",3.97,513 vendido(s),4.7,"+ envío: PEN 1,04",Sin dato
"Alfombrilla de ratón SteelSeries, tamaño pequeño, para Gaming, Accesorios de ordenador ",0.04,270 vendido(s),4.5,"+ envío: PEN 2,97",PEN11.63
"Alfombrilla de ratón de Anime para ordenador, accesorios Kawaii para Gaming, alfombrilla de escritorio, Xxl, Jujutsu Kaisen ",0.24,120 vendido(s),4.7,Envío gratis,PEN27.59
"Alfombrilla de ratón Xxl para Gaming, accesorios Cool Dragon para Gaming, alfombrilla de escritorio de velocidad, alfombrilla de ratón con bolas, alfombrillas de ratón Super DBZ ",0.04,255 vendido(s),4.5,Envío gratis,PEN17.24
"Alfombrilla de ratón para ordenador Strata Liquid, alfombrilla de ratón para Gaming, abstracto, grande, 900x400, XXL ",129.93,675 vendido(s),4.7,"+ envío: PEN 57,67",PEN270.32
"Alfombrilla de ratón impermeable para ordenador, alfombrilla de ratón de dibujos animados, alfombrilla geométrica para Gamer, tapete de escritorio para teclado de PC, 20-30 ",0.04,614 vendido(s),4.8,Envío gratis,PEN16.68
"Alfombrilla de ratón con forma para ordenador, accesorio de escritorio mensual, reposamuñecas, para escritorio, escritorio, juegos ",4.41,28 vendido(s),4.2,Envío gratis,Sin dato
"Alfombrilla de escritorio sencilla para ordenador de oficina, almohadilla de fieltro para teclado, portátil, para Gamer ",10.39,82 vendido(s),5,"+ envío: PEN 4,49",Sin dato
"Alfombrilla de ratón grande y portátil para gamer, alfombra de doble cara de escritorio para jugador, de ante y cuero PU, impermeable, para teclado o cubierta de mesa, para ordenador ",51.69,1542 vendido(s),4.8,"+ envío: PEN 14,52",Sin dato
"Alfombrilla de ratón con reposamuñecas, barata, Kawaii, para Gaming, teclado, Protector de escritorio, accesorios para Pc ",3.97,204 vendido(s),4.5,"+ envío: PEN 3,89",Sin dato
"Ricks-alfombrilla de ratón para Gaming, accesorios para Pc, tapete de teclado, Deskmat, Anime, tapetes Kawaii para portátiles, almohadillas de goma de dibujos animados ",7.66,105 vendido(s),4.6,"+ envío: PEN 1,68",Sin dato
"ASUS-alfombrilla de ratón ROG para ordenador, accesorio grande para Gaming, Alfombra de escritorio, teclado, decoración de goma, CS GO ",0.04,146 vendido(s),4.4,Envío gratis,PEN16.04
"Alfombrilla de ratón Kawaii Stitch para Gaming, Accesorios para ordenador, Notebook, teclados, cubierta de mesa, alfombrilla de escritorio ",17.68,375 vendido(s),4.9,"+ envío: PEN 19,72",Sin dato
"Alfombrilla de ratón XXL para ordenador, alfombra suave de escritorio, para Gamer, para oficina ",10.19,796 vendido(s),4.8,Envío gratis,Sin dato
"Alfombrilla de ratón con reposamuñecas para Gaming, alfombrilla de escritorio suave, barata, rosa, accesorios para Pc ",3.97,448 vendido(s),4.3,"+ envío: PEN 3,89",Sin dato
"Alfombrilla de cuero PU para ratón portátil, cubierta de mesa de teclado impermeable, fácil de limpiar, protectora, para ordenador portátil, PC, hogar ",42.59,1496 vendido(s),4.8,"+ envío: PEN 26,43",Sin dato
"Alfombrillas de ratón de EVA con muñeca, alfombrilla de Color sólido para ordenador, mesa de ordenador portátil, alfombrilla de ratón antideslizante, muñequera suave ",5.33,1576 vendido(s),4.6,"+ envío: PEN 2,13",Sin dato
"Alfombrillas geométricas para ordenador portátil, accesorios para juegos, alfombrilla de ratón grande de Anime, teclados de goma, alfombrilla de mesa ",24.18,1540 vendido(s),4.6,"+ envío: PEN 19,01",PEN65.97
"Alfombrilla portátil de cuero PU para Juegos de oficina, alfombrilla protectora de superficie de descanso para escritorio, comedor, escritura, fácil de limpiar ",0.04,538 vendido(s),4.8,"+ envío: PEN 59,91",PEN27.59
"Alfombrilla de ratón Kawaii de Anime con soporte para la muñeca, antideslizante, de silicona, reposamanos, dibujos animados en 3D, para PC, ordenador portátil y videojuegos ",15.32,529 vendido(s),4.7,"+ envío: PEN 18,13",Sin dato
"Alfombrilla cuadrada para ratón, accesorio Kawaii para PC, portátil, escritorio, Color rosa ",6.22,2022 vendido(s),4.5,"+ envío: PEN 2,53",Sin dato
"Alfombrilla de ratón para Gaming, muñequera EVA, soporte de muñeca, accesorios de Gaming para ordenador, protector de mano para muñeca ",3.17,1447 vendido(s),4.6,"+ envío: PEN 1,52",Sin dato
"Alfombrilla de ratón XXL HyperX grande para Gamer, tapete de ratón de escritorio de 900x400cm, Alfombra de goma, Souris para Gaming, Bloc de notas para CSGO ",42.35,808 vendido(s),4.5,"+ envío: PEN 33,24",PEN97.33
"Alfombrilla de ratón grande para videojuegos, accesorios de dragón chino, impresión HD, para teclado de ordenador de oficina, XXL, para ordenador de escritorio y portátil ",55.62,975 vendido(s),4.9,"+ envío: PEN 57,67",PEN137.79
"Alfombrillas de ratón antideslizantes para juegos de ordenador, almohadillas de ratón antideslizantes para pies pequeños, Color sólido creativo, pulsera EVA, periféricos de ordenador ",3.97,513 vendido(s),4.7,"+ envío: PEN 1,04",Sin dato
"Alfombrilla de ratón SteelSeries, tamaño pequeño, para Gaming, Accesorios de ordenador ",0.04,270 vendido(s),4.5,"+ envío: PEN 2,97",PEN11.63
"Alfombrilla de ratón de Anime para ordenador, accesorios Kawaii para Gaming, alfombrilla de escritorio, Xxl, Jujutsu Kaisen ",0.24,120 vendido(s),4.7,Envío gratis,PEN27.59
"Alfombrilla de ratón Xxl para Gaming, accesorios Cool Dragon para Gaming, alfombrilla de escritorio de velocidad, alfombrilla de ratón con bolas, alfombrillas de ratón Super DBZ ",0.04,255 vendido(s),4.5,Envío gratis,PEN17.24
"Alfombrilla de ratón para ordenador Strata Liquid, alfombrilla de ratón para Gaming, abstracto, grande, 900x400, XXL ",129.93,675 vendido(s),4.7,"+ envío: PEN 57,67",PEN270.32
"Alfombrilla de ratón impermeable para ordenador, alfombrilla de ratón de dibujos animados, alfombrilla geométrica para Gamer, tapete de escritorio para teclado de PC, 20-30 ",0.04,614 vendido(s),4.8,Envío gratis,PEN16.68
"Alfombrilla de ratón con forma para ordenador, accesorio de escritorio mensual, reposamuñecas, para escritorio, escritorio, juegos ",4.41,28 vendido(s),4.2,Envío gratis,Sin dato
"Alfombrilla de escritorio sencilla para ordenador de oficina, almohadilla de fieltro para teclado, portátil, para Gamer ",10.39,82 vendido(s),5,"+ envío: PEN 4,49",Sin dato
"Alfombrilla de ratón grande y portátil para gamer, alfombra de doble cara de escritorio para jugador, de ante y cuero PU, impermeable, para teclado o cubierta de mesa, para ordenador ",51.69,1542 vendido(s),4.8,"+ envío: PEN 14,52",Sin dato
"Alfombrilla de ratón con reposamuñecas, barata, Kawaii, para Gaming, teclado, Protector de escritorio, accesorios para Pc ",3.97,204 vendido(s),4.5,"+ envío: PEN 3,89",Sin dato
"Ricks-alfombrilla de ratón para Gaming, accesorios para Pc, tapete de teclado, Deskmat, Anime, tapetes Kawaii para portátiles, almohadillas de goma de dibujos animados ",7.66,105 vendido(s),4.6,"+ envío: PEN 1,68",Sin dato
"ASUS-alfombrilla de ratón ROG para ordenador, accesorio grande para Gaming, Alfombra de escritorio, teclado, decoración de goma, CS GO ",0.04,146 vendido(s),4.4,Envío gratis,PEN16.04
"Alfombrilla de ratón Kawaii Stitch para Gaming, Accesorios para ordenador, Notebook, teclados, cubierta de mesa, alfombrilla de escritorio ",17.68,375 vendido(s),4.9,"+ envío: PEN 19,72",Sin dato
"Alfombrilla de ratón XXL para ordenador, alfombra suave de escritorio, para Gamer, para oficina ",10.19,796 vendido(s),4.8,Envío gratis,Sin dato
"Alfombrilla de ratón con reposamuñecas para Gaming, alfombrilla de escritorio suave, barata, rosa, accesorios para Pc ",3.97,448 vendido(s),4.3,"+ envío: PEN 3,89",Sin dato
"Alfombrilla de cuero PU para ratón portátil, cubierta de mesa de teclado impermeable, fácil de limpiar, protectora, para ordenador portátil, PC, hogar ",42.59,1496 vendido(s),4.8,"+ envío: PEN 26,43",Sin dato
"Alfombrillas de ratón de EVA con muñeca, alfombrilla de Color sólido para ordenador, mesa de ordenador portátil, alfombrilla de ratón antideslizante, muñequera suave ",5.33,1576 vendido(s),4.6,"+ envío: PEN 2,13",Sin dato
"Alfombrillas geométricas para ordenador portátil, accesorios para juegos, alfombrilla de ratón grande de Anime, teclados de goma, alfombrilla de mesa ",24.18,1540 vendido(s),4.6,"+ envío: PEN 19,01",PEN65.97
"Alfombrilla portátil de cuero PU para Juegos de oficina, alfombrilla protectora de superficie de descanso para escritorio, comedor, escritura, fácil de limpiar ",0.04,538 vendido(s),4.8,"+ envío: PEN 59,91",PEN27.59
"Alfombrilla de ratón Kawaii de Anime con soporte para la muñeca, antideslizante, de silicona, reposamanos, dibujos animados en 3D, para PC, ordenador portátil y videojuegos ",15.32,529 vendido(s),4.7,"+ envío: PEN 18,13",Sin dato
"Alfombrilla cuadrada para ratón, accesorio Kawaii para PC, portátil, escritorio, Color rosa ",6.22,2022 vendido(s),4.5,"+ envío: PEN 2,53",Sin dato
"Alfombrilla de ratón para Gaming, muñequera EVA, soporte de muñeca, accesorios de Gaming para ordenador, protector de mano para muñeca ",3.17,1447 vendido(s),4.6,"+ envío: PEN 1,52",Sin dato
"Alfombrilla de ratón XXL HyperX grande para Gamer, tapete de ratón de escritorio de 900x400cm, Alfombra de goma, Souris para Gaming, Bloc de notas para CSGO ",42.35,808 vendido(s),4.5,"+ envío: PEN 33,24",PEN97.33
"Alfombrilla de ratón grande para videojuegos, accesorios de dragón chino, impresión HD, para teclado de ordenador de oficina, XXL, para ordenador de escritorio y portátil ",55.62,975 vendido(s),4.9,"+ envío: PEN 57,67",PEN137.79
"Alfombrillas de ratón antideslizantes para juegos de ordenador, almohadillas de ratón antideslizantes para pies pequeños, Color sólido creativo, pulsera EVA, periféricos de ordenador ",3.97,513 vendido(s),4.7,"+ envío: PEN 1,04",Sin dato
"Alfombrilla de ratón SteelSeries, tamaño pequeño, para Gaming, Accesorios de ordenador ",0.04,270 vendido(s),4.5,"+ envío: PEN 2,97",PEN11.63
"Alfombrilla de ratón de Anime para ordenador, accesorios Kawaii para Gaming, alfombrilla de escritorio, Xxl, Jujutsu Kaisen ",0.24,120 vendido(s),4.7,Envío gratis,PEN27.59
"Alfombrilla de ratón Xxl para Gaming, accesorios Cool Dragon para Gaming, alfombrilla de escritorio de velocidad, alfombrilla de ratón con bolas, alfombrillas de ratón Super DBZ ",0.04,255 vendido(s),4.5,Envío gratis,PEN17.24
"Alfombrilla de ratón para ordenador Strata Liquid, alfombrilla de ratón para Gaming, abstracto, grande, 900x400, XXL ",129.93,675 vendido(s),4.7,"+ envío: PEN 57,67",PEN270.32
"Alfombrilla de ratón impermeable para ordenador, alfombrilla de ratón de dibujos animados, alfombrilla geométrica para Gamer, tapete de escritorio para teclado de PC, 20-30 ",0.04,614 vendido(s),4.8,Envío gratis,PEN16.68
"Alfombrilla de ratón con forma para ordenador, accesorio de escritorio mensual, reposamuñecas, para escritorio, escritorio, juegos ",4.41,28 vendido(s),4.2,Envío gratis,Sin dato
"Alfombrilla de escritorio sencilla para ordenador de oficina, almohadilla de fieltro para teclado, portátil, para Gamer ",10.39,82 vendido(s),5,"+ envío: PEN 4,49",Sin dato
"Alfombrilla de ratón grande y portátil para gamer, alfombra de doble cara de escritorio para jugador, de ante y cuero PU, impermeable, para teclado o cubierta de mesa, para ordenador ",51.69,1542 vendido(s),4.8,"+ envío: PEN 14,52",Sin dato
"Alfombrilla de ratón con reposamuñecas, barata, Kawaii, para Gaming, teclado, Protector de escritorio, accesorios para Pc ",3.97,204 vendido(s),4.5,"+ envío: PEN 3,89",Sin dato
"Ricks-alfombrilla de ratón para Gaming, accesorios para Pc, tapete de teclado, Deskmat, Anime, tapetes Kawaii para portátiles, almohadillas de goma de dibujos animados ",7.66,105 vendido(s),4.6,"+ envío: PEN 1,68",Sin dato
"ASUS-alfombrilla de ratón ROG para ordenador, accesorio grande para Gaming, Alfombra de escritorio, teclado, decoración de goma, CS GO ",0.04,146 vendido(s),4.4,Envío gratis,PEN16.04
"Alfombrilla de ratón Kawaii Stitch para Gaming, Accesorios para ordenador, Notebook, teclados, cubierta de mesa, alfombrilla de escritorio ",17.68,375 vendido(s),4.9,"+ envío: PEN 19,72",Sin dato
"Alfombrilla de ratón XXL para ordenador, alfombra suave de escritorio, para Gamer, para oficina ",10.19,796 vendido(s),4.8,Envío gratis,Sin dato
"Alfombrilla de ratón con reposamuñecas para Gaming, alfombrilla de escritorio suave, barata, rosa, accesorios para Pc ",3.97,448 vendido(s),4.3,"+ envío: PEN 3,89",Sin dato
"Alfombrilla de cuero PU para ratón portátil, cubierta de mesa de teclado impermeable, fácil de limpiar, protectora, para ordenador portátil, PC, hogar ",42.59,1496 vendido(s),4.8,"+ envío: PEN 26,43",Sin dato
"Alfombrillas de ratón de EVA con muñeca, alfombrilla de Color sólido para ordenador, mesa de ordenador portátil, alfombrilla de ratón antideslizante, muñequera suave ",5.33,1576 vendido(s),4.6,"+ envío: PEN 2,13",Sin dato
"Alfombrillas geométricas para ordenador portátil, accesorios para juegos, alfombrilla de ratón grande de Anime, teclados de goma, alfombrilla de mesa ",24.18,1540 vendido(s),4.6,"+ envío: PEN 19,01",PEN65.97
"Alfombrilla portátil de cuero PU para Juegos de oficina, alfombrilla protectora de superficie de descanso para escritorio, comedor, escritura, fácil de limpiar ",0.04,538 vendido(s),4.8,"+ envío: PEN 59,91",PEN27.59
"Alfombrilla de ratón Kawaii de Anime con soporte para la muñeca, antideslizante, de silicona, reposamanos, dibujos animados en 3D, para PC, ordenador portátil y videojuegos ",15.32,529 vendido(s),4.7,"+ envío: PEN 18,13",Sin dato
"Alfombrilla cuadrada para ratón, accesorio Kawaii para PC, portátil, escritorio, Color rosa ",6.22,2022 vendido(s),4.5,"+ envío: PEN 2,53",Sin dato
"Alfombrilla de ratón para Gaming, muñequera EVA, soporte de muñeca, accesorios de Gaming para ordenador, protector de mano para muñeca ",3.17,1447 vendido(s),4.6,"+ envío: PEN 1,52",Sin dato
"Alfombrilla de ratón XXL HyperX grande para Gamer, tapete de ratón de escritorio de 900x400cm, Alfombra de goma, Souris para Gaming, Bloc de notas para CSGO ",42.35,808 vendido(s),4.5,"+ envío: PEN 33,24",PEN97.33
"Alfombrilla de ratón grande para videojuegos, accesorios de dragón chino, impresión HD, para teclado de ordenador de oficina, XXL, para ordenador de escritorio y portátil ",55.62,975 vendido(s),4.9,"+ envío: PEN 57,67",PEN137.79
"Alfombrillas de ratón antideslizantes para juegos de ordenador, almohadillas de ratón antideslizantes para pies pequeños, Color sólido creativo, pulsera EVA, periféricos de ordenador ",3.97,513 vendido(s),4.7,"+ envío: PEN 1,04",Sin dato
"Alfombrilla de ratón SteelSeries, tamaño pequeño, para Gaming, Accesorios de ordenador ",0.04,270 vendido(s),4.5,"+ envío: PEN 2,97",PEN11.63
"Alfombrilla de ratón de Anime para ordenador, accesorios Kawaii para Gaming, alfombrilla de escritorio, Xxl, Jujutsu Kaisen ",0.24,120 vendido(s),4.7,Envío gratis,PEN27.59
"Alfombrilla de ratón Xxl para Gaming, accesorios Cool Dragon para Gaming, alfombrilla de escritorio de velocidad, alfombrilla de ratón con bolas, alfombrillas de ratón Super DBZ ",0.04,255 vendido(s),4.5,Envío gratis,PEN17.24
"Alfombrilla de ratón para ordenador Strata Liquid, alfombrilla de ratón para Gaming, abstracto, grande, 900x400, XXL ",129.93,675 vendido(s),4.7,"+ envío: PEN 57,67",PEN270.32
"Alfombrilla de ratón impermeable para ordenador, alfombrilla de ratón de dibujos animados, alfombrilla geométrica para Gamer, tapete de escritorio para teclado de PC, 20-30 ",0.04,614 vendido(s),4.8,Envío gratis,PEN16.68
"Alfombrilla de ratón con forma para ordenador, accesorio de escritorio mensual, reposamuñecas, para escritorio, escritorio, juegos ",4.41,28 vendido(s),4.2,Envío gratis,Sin dato
"Alfombrilla de escritorio sencilla para ordenador de oficina, almohadilla de fieltro para teclado, portátil, para Gamer ",10.39,82 vendido(s),5,"+ envío: PEN 4,49",Sin dato
"Alfombrilla de ratón grande y portátil para gamer, alfombra de doble cara de escritorio para jugador, de ante y cuero PU, impermeable, para teclado o cubierta de mesa, para ordenador ",51.69,1542 vendido(s),4.8,"+ envío: PEN 14,52",Sin dato
"Alfombrilla de ratón con reposamuñecas, barata, Kawaii, para Gaming, teclado, Protector de escritorio, accesorios para Pc ",3.97,204 vendido(s),4.5,"+ envío: PEN 3,89",Sin dato
"Ricks-alfombrilla de ratón para Gaming, accesorios para Pc, tapete de teclado, Deskmat, Anime, tapetes Kawaii para portátiles, almohadillas de goma de dibujos animados ",7.66,105 vendido(s),4.6,"+ envío: PEN 1,68",Sin dato
"ASUS-alfombrilla de ratón ROG para ordenador, accesorio grande para Gaming, Alfombra de escritorio, teclado, decoración de goma, CS GO ",0.04,146 vendido(s),4.4,Envío gratis,PEN16.04
"Alfombrilla de ratón Kawaii Stitch para Gaming, Accesorios para ordenador, Notebook, teclados, cubierta de mesa, alfombrilla de escritorio ",17.68,375 vendido(s),4.9,"+ envío: PEN 19,72",Sin dato
"Alfombrilla de ratón XXL para ordenador, alfombra suave de escritorio, para Gamer, para oficina ",10.19,796 vendido(s),4.8,Envío gratis,Sin dato
"Alfombrilla de ratón con reposamuñecas para Gaming, alfombrilla de escritorio suave, barata, rosa, accesorios para Pc ",3.97,448 vendido(s),4.3,"+ envío: PEN 3,89",Sin dato
"Alfombrilla de cuero PU para ratón portátil, cubierta de mesa de teclado impermeable, fácil de limpiar, protectora, para ordenador portátil, PC, hogar ",42.59,1496 vendido(s),4.8,"+ envío: PEN 26,43",Sin dato
"Alfombrillas de ratón de EVA con muñeca, alfombrilla de Color sólido para ordenador, mesa de ordenador portátil, alfombrilla de ratón antideslizante, muñequera suave ",5.33,1576 vendido(s),4.6,"+ envío: PEN 2,13",Sin dato
"Alfombrillas geométricas para ordenador portátil, accesorios para juegos, alfombrilla de ratón grande de Anime, teclados de goma, alfombrilla de mesa ",24.18,1540 vendido(s),4.6,"+ envío: PEN 19,01",PEN65.97
"Alfombrilla portátil de cuero PU para Juegos de oficina, alfombrilla protectora de superficie de descanso para escritorio, comedor, escritura, fácil de limpiar ",0.04,538 vendido(s),4.8,"+ envío: PEN 59,91",PEN27.59
"Alfombrilla de ratón Kawaii de Anime con soporte para la muñeca, antideslizante, de silicona, reposamanos, dibujos animados en 3D, para PC, ordenador portátil y videojuegos ",15.32,529 vendido(s),4.7,"+ envío: PEN 18,13",Sin dato
"Alfombrilla cuadrada para ratón, accesorio Kawaii para PC, portátil, escritorio, Color rosa ",6.22,2022 vendido(s),4.5,"+ envío: PEN 2,53",Sin dato
"Alfombrilla de ratón para Gaming, muñequera EVA, soporte de muñeca, accesorios de Gaming para ordenador, protector de mano para muñeca ",3.17,1447 vendido(s),4.6,"+ envío: PEN 1,52",Sin dato
"Alfombrilla de ratón XXL HyperX grande para Gamer, tapete de ratón de escritorio de 900x400cm, Alfombra de goma, Souris para Gaming, Bloc de notas para CSGO ",42.35,808 vendido(s),4.5,"+ envío: PEN 33,24",PEN97.33
"Alfombrilla de ratón grande para videojuegos, accesorios de dragón chino, impresión HD, para teclado de ordenador de oficina, XXL, para ordenador de escritorio y portátil ",55.62,975 vendido(s),4.9,"+ envío: PEN 57,67",PEN137.79
"Alfombrillas de ratón antideslizantes para juegos de ordenador, almohadillas de ratón antideslizantes para pies pequeños, Color sólido creativo, pulsera EVA, periféricos de ordenador ",3.97,513 vendido(s),4.7,"+ envío: PEN 1,04",Sin dato
"Alfombrilla de ratón SteelSeries, tamaño pequeño, para Gaming, Accesorios de ordenador ",0.04,270 vendido(s),4.5,"+ envío: PEN 2,97",PEN11.63
"Alfombrilla de ratón de Anime para ordenador, accesorios Kawaii para Gaming, alfombrilla de escritorio, Xxl, Jujutsu Kaisen ",0.24,120 vendido(s),4.7,Envío gratis,PEN27.59
"Alfombrilla de ratón Xxl para Gaming, accesorios Cool Dragon para Gaming, alfombrilla de escritorio de velocidad, alfombrilla de ratón con bolas, alfombrillas de ratón Super DBZ ",0.04,255 vendido(s),4.5,Envío gratis,PEN17.24
"Alfombrilla de ratón para ordenador Strata Liquid, alfombrilla de ratón para Gaming, abstracto, grande, 900x400, XXL ",129.93,675 vendido(s),4.7,"+ envío: PEN 57,67",PEN270.32
"Alfombrilla de ratón impermeable para ordenador, alfombrilla de ratón de dibujos animados, alfombrilla geométrica para Gamer, tapete de escritorio para teclado de PC, 20-30 ",0.04,614 vendido(s),4.8,Envío gratis,PEN16.68
"Alfombrilla de ratón con forma para ordenador, accesorio de escritorio mensual, reposamuñecas, para escritorio, escritorio, juegos ",4.41,28 vendido(s),4.2,Envío gratis,Sin dato
"Alfombrilla de escritorio sencilla para ordenador de oficina, almohadilla de fieltro para teclado, portátil, para Gamer ",10.39,82 vendido(s),5,"+ envío: PEN 4,49",Sin dato
"Alfombrilla de ratón grande y portátil para gamer, alfombra de doble cara de escritorio para jugador, de ante y cuero PU, impermeable, para teclado o cubierta de mesa, para ordenador ",51.69,1542 vendido(s),4.8,"+ envío: PEN 14,52",Sin dato
"Alfombrilla de ratón con reposamuñecas, barata, Kawaii, para Gaming, teclado, Protector de escritorio, accesorios para Pc ",3.97,204 vendido(s),4.5,"+ envío: PEN 3,89",Sin dato
"Ricks-alfombrilla de ratón para Gaming, accesorios para Pc, tapete de teclado, Deskmat, Anime, tapetes Kawaii para portátiles, almohadillas de goma de dibujos animados ",7.66,105 vendido(s),4.6,"+ envío: PEN 1,68",Sin dato
"ASUS-alfombrilla de ratón ROG para ordenador, accesorio grande para Gaming, Alfombra de escritorio, teclado, decoración de goma, CS GO ",0.04,146 vendido(s),4.4,Envío gratis,PEN16.04
"Alfombrilla de ratón Kawaii Stitch para Gaming, Accesorios para ordenador, Notebook, teclados, cubierta de mesa, alfombrilla de escritorio ",17.68,375 vendido(s),4.9,"+ envío: PEN 19,72",Sin dato
"Alfombrilla de ratón XXL para ordenador, alfombra suave de escritorio, para Gamer, para oficina ",10.19,796 vendido(s),4.8,Envío gratis,Sin dato
"Alfombrilla de ratón con reposamuñecas para Gaming, alfombrilla de escritorio suave, barata, rosa, accesorios para Pc ",3.97,448 vendido(s),4.3,"+ envío: PEN 3,89",Sin dato
"Alfombrilla de cuero PU para ratón portátil, cubierta de mesa de teclado impermeable, fácil de limpiar, protectora, para ordenador portátil, PC, hogar ",42.59,1496 vendido(s),4.8,"+ envío: PEN 26,43",Sin dato
"Alfombrillas de ratón de EVA con muñeca, alfombrilla de Color sólido para ordenador, mesa de ordenador portátil, alfombrilla de ratón antideslizante, muñequera suave ",5.33,1576 vendido(s),4.6,"+ envío: PEN 2,13",Sin dato
"Alfombrillas geométricas para ordenador portátil, accesorios para juegos, alfombrilla de ratón grande de Anime, teclados de goma, alfombrilla de mesa ",24.18,1540 vendido(s),4.6,"+ envío: PEN 19,01",PEN65.97
"Alfombrilla portátil de cuero PU para Juegos de oficina, alfombrilla protectora de superficie de descanso para escritorio, comedor, escritura, fácil de limpiar ",0.04,538 vendido(s),4.8,"+ envío: PEN 59,91",PEN27.59
"Alfombrilla de ratón Kawaii de Anime con soporte para la muñeca, antideslizante, de silicona, reposamanos, dibujos animados en 3D, para PC, ordenador portátil y videojuegos ",15.32,529 vendido(s),4.7,"+ envío: PEN 18,13",Sin dato
"Alfombrilla cuadrada para ratón, accesorio Kawaii para PC, portátil, escritorio, Color rosa ",6.22,2022 vendido(s),4.5,"+ envío: PEN 2,53",Sin dato
"Alfombrilla de ratón para Gaming, muñequera EVA, soporte de muñeca, accesorios de Gaming para ordenador, protector de mano para muñeca ",3.17,1447 vendido(s),4.6,"+ envío: PEN 1,52",Sin dato
"Alfombrilla de ratón XXL HyperX grande para Gamer, tapete de ratón de escritorio de 900x400cm, Alfombra de goma, Souris para Gaming, Bloc de notas para CSGO ",42.35,808 vendido(s),4.5,"+ envío: PEN 33,24",PEN97.33
"Alfombrilla de ratón grande para videojuegos, accesorios de dragón chino, impresión HD, para teclado de ordenador de oficina, XXL, para ordenador de escritorio y portátil ",55.62,975 vendido(s),4.9,"+ envío: PEN 57,67",PEN137.79
"Alfombrillas de ratón antideslizantes para juegos de ordenador, almohadillas de ratón antideslizantes para pies pequeños, Color sólido creativo, pulsera EVA, periféricos de ordenador ",3.97,513 vendido(s),4.7,"+ envío: PEN 1,04",Sin dato
"Alfombrilla de ratón SteelSeries, tamaño pequeño, para Gaming, Accesorios de ordenador ",0.04,270 vendido(s),4.5,"+ envío: PEN 2,97",PEN11.63
"Alfombrilla de ratón de Anime para ordenador, accesorios Kawaii para Gaming, alfombrilla de escritorio, Xxl, Jujutsu Kaisen ",0.24,120 vendido(s),4.7,Envío gratis,PEN27.59
"Alfombrilla de ratón Xxl para Gaming, accesorios Cool Dragon para Gaming, alfombrilla de escritorio de velocidad, alfombrilla de ratón con bolas, alfombrillas de ratón Super DBZ ",0.04,255 vendido(s),4.5,Envío gratis,PEN17.24
"Alfombrilla de ratón para ordenador Strata Liquid, alfombrilla de ratón para Gaming, abstracto, grande, 900x400, XXL ",129.93,675 vendido(s),4.7,"+ envío: PEN 57,67",PEN270.32
"Alfombrilla de ratón impermeable para ordenador, alfombrilla de ratón de dibujos animados, alfombrilla geométrica para Gamer, tapete de escritorio para teclado de PC, 20-30 ",0.04,614 vendido(s),4.8,Envío gratis,PEN16.68
"Alfombrilla de ratón con forma para ordenador, accesorio de escritorio mensual, reposamuñecas, para escritorio, escritorio, juegos ",4.41,28 vendido(s),4.2,Envío gratis,Sin dato
"Alfombrilla de escritorio sencilla para ordenador de oficina, almohadilla de fieltro para teclado, portátil, para Gamer ",10.39,82 vendido(s),5,"+ envío: PEN 4,49",Sin dato
"Alfombrilla de ratón grande y portátil para gamer, alfombra de doble cara de escritorio para jugador, de ante y cuero PU, impermeable, para teclado o cubierta de mesa, para ordenador ",51.69,1542 vendido(s),4.8,"+ envío: PEN 14,52",Sin dato
"Alfombrilla de ratón con reposamuñecas, barata, Kawaii, para Gaming, teclado, Protector de escritorio, accesorios para Pc ",3.97,204 vendido(s),4.5,"+ envío: PEN 3,89",Sin dato
"Ricks-alfombrilla de ratón para Gaming, accesorios para Pc, tapete de teclado, Deskmat, Anime, tapetes Kawaii para portátiles, almohadillas de goma de dibujos animados ",7.66,105 vendido(s),4.6,"+ envío: PEN 1,68",Sin dato
"ASUS-alfombrilla de ratón ROG para ordenador, accesorio grande para Gaming, Alfombra de escritorio, teclado, decoración de goma, CS GO ",0.04,146 vendido(s),4.4,Envío gratis,PEN16.04
"Alfombrilla de ratón Kawaii Stitch para Gaming, Accesorios para ordenador, Notebook, teclados, cubierta de mesa, alfombrilla de escritorio ",17.68,375 vendido(s),4.9,"+ envío: PEN 19,72",Sin dato
"Alfombrilla de ratón XXL para ordenador, alfombra suave de escritorio, para Gamer, para oficina ",10.19,796 vendido(s),4.8,Envío gratis,Sin dato
"Alfombrilla de ratón con reposamuñecas para Gaming, alfombrilla de escritorio suave, barata, rosa, accesorios para Pc ",3.97,448 vendido(s),4.3,"+ envío: PEN 3,89",Sin dato
"Alfombrilla de cuero PU para ratón portátil, cubierta de mesa de teclado impermeable, fácil de limpiar, protectora, para ordenador portátil, PC, hogar ",42.59,1496 vendido(s),4.8,"+ envío: PEN 26,43",Sin dato
"Alfombrillas de ratón de EVA con muñeca, alfombrilla de Color sólido para ordenador, mesa de ordenador portátil, alfombrilla de ratón antideslizante, muñequera suave ",5.33,1576 vendido(s),4.6,"+ envío: PEN 2,13",Sin dato
"Alfombrillas geométricas para ordenador portátil, accesorios para juegos, alfombrilla de ratón grande de Anime, teclados de goma, alfombrilla de mesa ",24.18,1540 vendido(s),4.6,"+ envío: PEN 19,01",PEN65.97
"Alfombrilla portátil de cuero PU para Juegos de oficina, alfombrilla protectora de superficie de descanso para escritorio, comedor, escritura, fácil de limpiar ",0.04,538 vendido(s),4.8,"+ envío: PEN 59,91",PEN27.59
"Alfombrilla de ratón Kawaii de Anime con soporte para la muñeca, antideslizante, de silicona, reposamanos, dibujos animados en 3D, para PC, ordenador portátil y videojuegos ",15.32,529 vendido(s),4.7,"+ envío: PEN 18,13",Sin dato
"Alfombrilla cuadrada para ratón, accesorio Kawaii para PC, portátil, escritorio, Color rosa ",6.22,2022 vendido(s),4.5,"+ envío: PEN 2,53",Sin dato
"Alfombrilla de ratón para Gaming, muñequera EVA, soporte de muñeca, accesorios de Gaming para ordenador, protector de mano para muñeca ",3.17,1447 vendido(s),4.6,"+ envío: PEN 1,52",Sin dato
"Alfombrilla de ratón XXL HyperX grande para Gamer, tapete de ratón de escritorio de 900x400cm, Alfombra de goma, Souris para Gaming, Bloc de notas para CSGO ",42.35,808 vendido(s),4.5,"+ envío: PEN 33,24",PEN97.33
"Alfombrilla de ratón grande para videojuegos, accesorios de dragón chino, impresión HD, para teclado de ordenador de oficina, XXL, para ordenador de escritorio y portátil ",55.62,975 vendido(s),4.9,"+ envío: PEN 57,67",PEN137.79
"Alfombrillas de ratón antideslizantes para juegos de ordenador, almohadillas de ratón antideslizantes para pies pequeños, Color sólido creativo, pulsera EVA, periféricos de ordenador ",3.97,513 vendido(s),4.7,"+ envío: PEN 1,04",Sin dato
"Alfombrilla de ratón SteelSeries, tamaño pequeño, para Gaming, Accesorios de ordenador ",0.04,270 vendido(s),4.5,"+ envío: PEN 2,97",PEN11.63
"Alfombrilla de ratón de Anime para ordenador, accesorios Kawaii para Gaming, alfombrilla de escritorio, Xxl, Jujutsu Kaisen ",0.24,120 vendido(s),4.7,Envío gratis,PEN27.59
"Alfombrilla de ratón Xxl para Gaming, accesorios Cool Dragon para Gaming, alfombrilla de escritorio de velocidad, alfombrilla de ratón con bolas, alfombrillas de ratón Super DBZ ",0.04,255 vendido(s),4.5,Envío gratis,PEN17.24
"Alfombrilla de ratón para ordenador Strata Liquid, alfombrilla de ratón para Gaming, abstracto, grande, 900x400, XXL ",129.93,675 vendido(s),4.7,"+ envío: PEN 57,67",PEN270.32
"Alfombrilla de ratón impermeable para ordenador, alfombrilla de ratón de dibujos animados, alfombrilla geométrica para Gamer, tapete de escritorio para teclado de PC, 20-30 ",0.04,614 vendido(s),4.8,Envío gratis,PEN16.68
"Alfombrilla de ratón con forma para ordenador, accesorio de escritorio mensual, reposamuñecas, para escritorio, escritorio, juegos ",4.41,28 vendido(s),4.2,Envío gratis,Sin dato
"Alfombrilla de escritorio sencilla para ordenador de oficina, almohadilla de fieltro para teclado, portátil, para Gamer ",10.39,82 vendido(s),5,"+ envío: PEN 4,49",Sin dato
"Alfombrilla de ratón grande y portátil para gamer, alfombra de doble cara de escritorio para jugador, de ante y cuero PU, impermeable, para teclado o cubierta de mesa, para ordenador ",51.69,1542 vendido(s),4.8,"+ envío: PEN 14,52",Sin dato
